{"stat.chestOpened":5,"stat.walkOneCm":2293,"stat.playOneMinute":2011,"achievement.openInventory":2,"stat.leaveGame":2,"stat.pickup.minecraft.grass":1,"stat.sneakTime":18,"stat.pickup.minecraft.wool":64,"stat.pickup.minecraft.stone":832,"stat.timeSinceDeath":2011,"stat.useItem.minecraft.hopper":1,"stat.hopperInspected":1,"stat.pickup.minecraft.dirt":128,"achievement.exploreAllBiomes":{"value":0,"progress":["Plains"]},"stat.pickup.deadplanet.block_mod_chest":64,"stat.pickup.minecraft.planks":1088,"stat.useItem.deadplanet.block_mod_chest":1,"stat.pickup.minecraft.iron_ore":64}