{"stat.pickup.deadplanet.item_circuit":3,"stat.walkOneCm":9172,"stat.trappedChestTriggered":5,"stat.useItem.deadplanet.block_basalt_furnace":1,"stat.leaveGame":2,"stat.drop.deadplanet.item_circuit":3,"stat.furnaceInteraction":1,"stat.drop.deadplanet.item_wood_dust":1,"stat.jump":17,"stat.pickup.minecraft.coal":17,"stat.useItem.deadplanet.block_cracked_dirt":12,"stat.useItem.minecraft.trapped_chest":1,"stat.crouchOneCm":1199,"stat.craftItem.deadplanet.block_basalt":1,"achievement.exploreAllBiomes":{"value":0,"progress":["Plains"]},"stat.useItem.deadplanet.block_plywood":30,"achievement.openInventory":8,"stat.useItem.deadplanet.block_basalt":48,"stat.useItem.minecraft.furnace":1,"stat.useItem.minecraft.hopper":4,"stat.flyOneCm":12013,"stat.drop":4,"stat.playOneMinute":8836,"stat.sneakTime":448,"stat.pickup.deadplanet.item_wood_dust":1,"stat.timeSinceDeath":8836,"stat.hopperInspected":15}