{"stat.walkOneCm":11542,"stat.pickup.minecraft.basalt_helmet":2,"achievement.openInventory":9,"stat.pickup.minecraft.stick":55,"stat.entityKilledBy.Shulker":1,"stat.leaveGame":1,"stat.pickup.minecraft.crafting_table":1,"stat.damageTaken":348,"stat.killEntity.Spider":1,"stat.mobKills":2,"stat.pickup.minecraft.spawn_egg":1,"stat.useItem.dp.basalt_sword":10,"stat.pickup.minecraft.string":4,"stat.pickup.minecraft.basalt_boots":2,"stat.flyOneCm":2730,"stat.deaths":1,"stat.pickup.minecraft.egg":2,"stat.jump":1,"stat.killEntity.Shulker":1,"stat.playOneMinute":5705,"stat.fallOneCm":1652,"stat.pickup.minecraft.furnace":1,"stat.sneakTime":81,"stat.damageDealt":469,"stat.crouchOneCm":29,"stat.timeSinceDeath":2122,"stat.pickup.dp.basalt":244,"stat.pickup.minecraft.basalt_leggings":2,"stat.pickup.minecraft.basalt_chestplate":2,"stat.sprintOneCm":1427,"stat.useItem.minecraft.spawn_egg":10,"stat.pickup.dp.basalt_sword":1,"achievement.exploreAllBiomes":{"value":0,"progress":["Plains"]}}