{"stat.mineBlock.minecraft.sandstone":2,"stat.pickup.minecraft.sandstone":2,"stat.walkOneCm":4142,"stat.jump":3,"stat.pickup.deadlyworld.ore":2,"stat.playOneMinute":1417,"stat.fallOneCm":484,"stat.mineBlock.deadlyworld.ore":2,"stat.leaveGame":2,"stat.damageTaken":20,"stat.pickup.deadlyworld.block_basalt_rough":117,"stat.timeSinceDeath":1417,"stat.useItem.deadlyworld.block_plywood_deep_crate":1,"stat.useItem.minecraft.iron_pickaxe":4,"achievement.exploreAllBiomes":{"value":0,"progress":["Desert"]},"stat.useItem.deadlyworld.ore":3,"stat.useItem.minecraft.sandstone":2}