{"stat.pickup.minecraft.log":3,"stat.walkOneCm":4104,"stat.useItem.dp.basalt_axe":3,"stat.jump":2,"stat.playOneMinute":1892,"achievement.openInventory":1,"stat.useItem.minecraft.stone":3,"stat.useItem.dp.basalt_pickaxe":4,"stat.leaveGame":1,"stat.useItem.minecraft.log":3,"stat.timeSinceDeath":1892,"stat.useItem.dp.basalt_hoe":3,"achievement.mineWood":3,"stat.pickup.minecraft.dirt":4,"stat.mineBlock.minecraft.dirt":4,"stat.pickup.minecraft.cobblestone":3,"stat.pickup.dp.cracked_dirt":1,"stat.mineBlock.minecraft.stone":3,"stat.mineBlock.minecraft.log":3,"achievement.exploreAllBiomes":{"value":0,"progress":["Plains"]},"stat.mineBlock.dp.cracked_dirt":1,"stat.useItem.dp.basalt_shovel":3}