{"stat.useItem.minecraft.stone_shovel":7,"stat.flyOneCm":26,"stat.walkOneCm":2365,"stat.jump":2,"stat.playOneMinute":2097,"achievement.openInventory":3,"stat.useItem.dp.cracked_dirt":14,"stat.useItem.dp.block_basalt":1,"stat.leaveGame":1,"stat.sneakTime":18,"stat.crouchOneCm":5,"stat.timeSinceDeath":2097,"stat.useItem.minecraft.wooden_shovel":7,"stat.pickup.minecraft.dirt":1,"stat.mineBlock.minecraft.dirt":2,"stat.pickup.dp.cracked_dirt":10,"achievement.exploreAllBiomes":{"value":0,"progress":["Plains"]},"stat.mineBlock.dp.cracked_dirt":12}