{"stat.useItem.deadlyworld.block_cracked_dirt":1,"stat.walkOneCm":936,"stat.jump":1,"stat.playOneMinute":1000,"stat.useItem.deadlyworld.block_plywood":1,"achievement.openInventory":1,"stat.leaveGame":1,"stat.timeSinceDeath":1000,"stat.useItem.deadlyworld.block_basalt_smooth":1,"stat.useItem.deadlyworld.block_basalt_carved":1,"stat.useItem.deadlyworld.block_basalt_brick":1,"stat.useItem.deadlyworld.ore_tin":1,"achievement.exploreAllBiomes":{"value":0,"progress":["Plains"]},"stat.useItem.deadlyworld.block_basalt_rough":1}