{"stat.walkOneCm":10947,"stat.useItem.deadlyworld.block_lamp":2,"stat.useItem.minecraft.torch":2,"achievement.openInventory":13,"stat.leaveGame":1,"stat.useItem.deadlyworld.block_plywood_chest":2,"stat.useItem.deadlyworld.item_basalt_sword":8,"stat.useItem.deadlyworld.block_basalt_smooth":1,"stat.useItem.deadlyworld.block_plywood_deep_crate":2,"stat.mobKills":2,"stat.useItem.deadlyworld.ore_tin":1,"stat.useItem.deadlyworld.block_basalt_brick":1,"stat.useItem.minecraft.armor_stand":1,"stat.flyOneCm":18796,"stat.jump":4,"stat.playOneMinute":7187,"stat.useItem.deadlyworld.block_plywood":2,"stat.useItem.minecraft.item_frame":13,"stat.sneakTime":150,"stat.killEntity.Villager":2,"stat.damageDealt":400,"stat.crouchOneCm":140,"stat.timeSinceDeath":7187,"stat.useItem.deadlyworld.block_basalt_carved":1,"stat.useItem.deadlyworld.block_basalt_rough":1,"achievement.exploreAllBiomes":{"value":0,"progress":["Desert"]}}